"";"CODIGO";"NOME";"VA_FT"
"1";594481;"HOSPITAL PORTUGUES";108885698,83
"2";594480;"HOSPITAL SANTA IZABEL";106446010,65
"3";779689;"HBA - HOSPITAL DA BAHIA";75602480,12
"4";594259;"COOPANEST";19584637
"5";594073;"CENTRO MEDICO HOSPITALAR  AGENOR PAIVA";19248866,23
"6";594231;"HOSPITAL EMEC";18778437,62
"7";594043;"HOSPITAL PROHOPE LTDA";17884209,09
"8";593797;"SAMUR";16408031,87
"9";779688;"FUNDACAO BAHIANA DE CARDIOLOGIA";16298924,92
"10";818254;"COT - CSM";14664830,94
"11";593826;"IBR";12507867
"12";594388;"HOSPITAL DA SAGRADA FAMILIA";12373956,47
"13";594484;"NOB NUCLEO DE ONCOLOGIA DA BAHIA SOC. SIMPLES LTDA";12269180,31
"14";594266;"SOS VIDA SAUDE DOMICILIAR";11496008,98
"15";739787;"HOSPITAL AEROPORTO";11171632,58
"16";593690;"HOSPITAL E CLINICA SÃO MATHEUS LTDA";10956835,17
"17";594577;"CEHON";10507349,96
"18";594622;"CLION ";10352480,58
"19";744458;"HOSPITAL CALIXTO MIDLEJ FILHO";10300589,5
"20";593819;"VITALMED SERVICOS DE EMERGENCIA MEDICA LTDA";8452160,91
"21";594194;"HOSPITAL DA CIDADE";8244459,9
"22";594515;"HOSPITAL DAS CLINICAS DE ALAGOINHAS LTDA-HCA";8059690,7
"23";735896;"CLINICA AMO-ASSIST. MULTIDISCIPLINAR EM ONCOLOGIA";7543736,13
"24";744541;"INCAR";7217802,71
"25";593691;"HTO HOSPITAL";6619839,15
"26";594443;"BIOCHECK-UP PREVENCOR";6570588,92
"27";593900;"STS SERVICO DE TRANSFUSAO DE SANGUE";6269398,08
"28";911292;"BAHIA HOME CARE";5958937,05
"29";593894;"HOSPITAL SANTA HELENA";5784424,27
"30";593727;"CLINICA DELFIN";5674667,04
"31";636055;"CURATIVOS SERVICOS DE SAUDE LTDA";5457912,2
"32";594146;"SOBRASA";5395836,99
"33";717974;"HOSPITAL DOM PEDRO DE ALCANTARA";5341193,19
"34";594198;"SANATORIO SAO PAULO";5226920,77
"35";593864;"CLINICA SENHOR DO BONFIM LTDA";4985471,02
"36";594627;"MULTIMAGEM";4970922,24
"37";896961;"SIM CLINICAS";4967780
"38";852429;"A+ MEDICINA DIAGNOSTICA E DIAGNOSON";4961940,64
"39";593801;"INSTITUTO CONQUISTENSE DE ONCOLOGIA LTDA";4784691,81
"40";786997;"CUIDARE VITA";4451479,58
"41";807408;"HOSPITAL EVANGELICO DA BAHIA";4436921,58
"42";807445;"APAE";4388621,52
"43";594466;"CLIVALE";4054590,7
"44";802570;"DIAGNOSTICOS DA AMERICA DASA (ITAIGARA)";3860870,15
"45";594122;"HOSPITAL SAO VICENTE DE PAULO";3856823,11
"46";744503;"HOSPITAL ORTOPEDICO";3819536,55
"47";594213;"INSTITUTO ANALISE DE PESQUISAS CLINICAS LTDA";3813373,3
"48";594322;"HOSPITAL SANTA LUZIA";3582021,06
"49";694403;"MEDERI SAUDE DOMICILIAR FEIRA DE SANTANA";3491949,35
"50";637193;"INSTITUTO DA IMAGEM";3421553,82
"51";754133;"IHOBA";3351028,91
"52";832859;"LABCHECAP";3205026,08
"53";714377;"HOSPITAL DE ILHEUS";3160020,43
"54";636849;"IHEF-CLINICA DE HEMATOLOGIA E ONCOLOGIA(ONCOBAHIA)";3131365,04
"55";832783;"A+ MEDICINA DIAGNOSTICA (FLEURY S.A)";3120654,3
"56";744547;"H COE CENTRO DE OLHOS ESPECIALIZADO";3035331,46
"57";594505;"CLINICA MED SANTA BARBARA ";2908784,56
"58";594199;"HOSPITAL SAO RAFAEL";2900648,16
"59";594354;"SETA  - CLIN MED ESPECIALIZADA ";2890425,27
"60";594495;"LABORATORIO SILVANY STUDART ";2851223,82
"61";744564;"INED - INSTITUTO DE NEFROLOGIA E DIALISE";2839829,63
"62";594098;"ONCOSUL";2812446,98
"63";669212;"QUALIVIDA - SAUDE EXTRA - HOSPITALAR";2650322,36
"64";594072;"CLINICA PROVIDA";2550743,56
"65";594210;"ION";2541529,93
"66";953137;"OFTALMODIAGNOSE - HOSPITAL DE OLHOS";2496691,58
"67";710006;"SOBABY";2479128,09
"68";594550;"IMAGEPAT - LAB. DE ANATOMIA PATOLÓGICA";2478664,1
"69";798601;"CLINICA FENIX TRATAMENTO DE DEPENDENCIA QUIMICA";2440312,86
"70";852464;"LABCHECAP";2405302,58
"71";594646;"CASA DE SAUDE MATER N S P SOCORRO ";2385029,41
"72";594203;"UNIMEC";2355105,63
"73";594118;"LABO LAB OLIVEIRA ";2347898,74
"74";593971;"PRO MATRE DE JUAZEIRO";2302155,38
"75";798578;"LABCHECAP";2282237,44
"76";594242;"CLINICA AMI";2228020,66
"77";594174;"BIO CENTER";2227719
"78";852461;"LABCHECAP ";2220867,54
"79";748435;"CPM CONSULTAS E PROCEDIMENTOS MEDICOS ";2217509,17
"80";594227;"HCC - HOSPITAL DE CLINICA DE CONQUISTA ";2215078,32
"81";593835;"MATERNIDADE SANTA EMILIA";2206716,18
"82";744459;"ALCLIN";2154479,03
"83";594561;"HOSPITAL E MATERNIDADE DR. PAULO HILARIAO LTDA";2082728,06
"84";798576;"LABCHECAP";2076997,48
"85";594474;"IBOPC";2050022,13
"86";798577;"LABCHECAP";2038962,9
"87";852460;"LABCHECAP";2037206,16
"88";594610;"HOSPITAL SAO JOSE";2025637,96
"89";968770;"CLINICA OFTALMOLOGICA DRª RITA LAVINIA";1957252,43
"90";594153;"HOSPITAL DE OLHOS RUY CUNHA";1954520,67
"91";955054;"HOSPITAL DO OLHO";1943265,92
"92";593718;"CLINICA DE BROTAS";1942954,96
"93";594473;"IMED INST DE MED DA BAHIA";1927410,38
"94";831030;"CARDIOTORAX";1877782,43
"95";593735;"SERMECA";1861193,81
"96";594451;"CLINICA ONCO";1824339,59
"97";852441;"AMO RECONCAVO";1789739,29
"98";818291;"NOB NUCLEO DE ONCOLOGIA DA BAHIA";1768765,08
"99";714381;"HOSPITAL DA CHAPADA";1752830,23
"100";594592;"LABORATORIO FERNANDO QUEIROZ LTDA";1741569,8
"101";594225;"HOSPITAL OTORRINOS DE FEIRA DE SANTANA";1699983,66
"102";594376;"COLP - CLIN DE OLHOS LUIZ PRAZERES - HOSPITAL DAY";1698432,22
"103";945427;"CLINICA QUIRON DE SAUDE MENTAL";1688425,1
"104";729304;"CUIDAR - MARIA DE FATIMA GOMES DOS SANTOS";1682635,29
"105";593927;"CASA DE SAUDE SAO GERALDO";1679998,97
"106";594285;"SALVACOR";1629234,45
"107";637540;"HEMOCENTER LABORATORIO DA ANALISES CLINICAS LTDA";1599561,78
"108";594289;"MULTICLIN";1577088,07
"109";594155;"HOSPITAL DE OLHOS BEIRA RIO";1554007,74
"110";813686;"CLINICA NEPHRON";1519842,27
"111";594601;"ANDRO HOSPITAL UROLOGICO";1496925,24
"112";593834;"VITAILABORATORIO E IMAGEM ";1473355,2
"113";594050;"MEG MEDICINA";1454485,44
"114";832858;"LABCHECAP";1452768,4
"115";593878;"POLICLIN ";1437161,77
"116";744535;"CEDIBA";1432390,22
"117";851169;"CLINICA APICE";1365698,68
"118";769543;"CLINICA DELFIN";1361726,28
"119";594132;"LAP - LABORATORIO";1327726,2
"120";593684;"LABOFAC";1324728,2
"121";828782;"IDMCARDIO - INSTITUTO DE DIAGNOSTICO E CARDIOLOGIA";1304427,91
"122";593753;"LAB DE ANAL CLIN SPALAZANNI ";1303366,68
"123";594643;"CLIRAM CLINICA RADIOLOGICA MUCCINI LTDA";1299881,32
"124";945448;"AMO ILHEUS";1292334,05
"125";783086;"HOSPITAL MANOEL NOVAIS";1289604,8
"126";795990;"CEPARH";1287720,27
"127";752708;"CLINICA RADIOLOGICA";1285534,74
"128";802479;"INSTITUTO CARDIOIMAGEM";1273581,66
"129";744451;"CLIHON - HOSPITAL DE OLHOS DE FEIRA DE SANTANA ";1249243,3
"130";594290;"IDAB";1230373,7
"131";594556;"FUNDACAO JOSE SILVEIRA";1223222,53
"132";594380;"ECCO";1218220,63
"133";908461;"ASSOCIACAO PORTUGUESA DE BENEFICENCIA";1152976,63
"134";594112;"COF ";1148586,42
"135";753477;"CENTRO MEDICO SALVADOR";1136095,26
"136";744999;"DAY  HORC - MAGALHAES NETO";1135828,38
"137";802569;"DIAGNOSTICOS DA AMERICA DASA (LAURO DE FREITAS)";1134026,6
"138";965276;"VITALMED";1109667,6
"139";594467;"CLISUR";1106715,5
"140";752662;"CENTRO MEDICO AVANCADO ";1102230,06
"141";826924;"INTENSIVA ";1096812,88
"142";594656;"CENTRO MEDICO DE ILHEUS ";1075052,95
"143";594642;"DIAGNOSTICA";1068975,4
"144";876603;"CICLOS NUCLEO DE SAUDE DA MENTE";1060293,07
"145";868580;"HOSPITAL AGNUS DEI";1047096,01
"146";774050;"HOSPITAL MEDICINA HUMANA";1035941,17
"147";594315;"INSTITUTO DO CEREBRO";993792,64
"148";911311;"HOSPITAL SALVADOR - MEDTOWER";989320,32
"149";594519;"HOSPITAL DAS CLINICAS DE EUNAPOLIS";981339,22
"150";798559;"PRO-DIAGNOSTICO LAB DE ANALISES CLINICAS";951056,4
"151";889369;"GOOB-GRUPO DE ODONTOLOGIA E OFTALMOLOGIA DA BAHIA ";945995,86
"152";594579;"CLINICA SER";945202,25
"153";594440;"CATO";933775,6
"154";779682;"FISIOVIDA";933663,8
"155";965147;"SOKIDS";913374,45
"156";798486;"DNA LABORATORIO";911538,66
"157";807364;"OTORHINUS DOENC DO NARIZ OUVIDO GARG E EST FACIAL";909061
"158";594269;"SOMED SOCORROS MEDICOS ";908085,83
"159";593974;"IORTE";898043,49
"160";822461;"CEDAP ANATOMIA PATOLOGICA E CITOPATOLOGIA";875864,02
"161";594065;"CLINICA DE UROLOGIA MODESTO JACOBINO";874196,05
"162";594509;"FUNDACAO PARA DESENVOLVIMENTO  DAS CIENCIAS - ADAB";865618,55
"163";594716;"ANNA PAOLA N. G CLINICA DE MASTOLOGIA E MAMOGRAFIA";852451,04
"164";594703;"OFTALMOS - CLINICA DE OLHOS CALHEIRA";852034,18
"165";901829;"ICB";849802,2
"166";594053;"NEPHRON";848719,78
"167";769561;"MULTIMAGEM JUAZEIRO";848606,79
"168";594619;"CHECKLAB LABORAT DE ANALISE CLIN";841885,2
"169";716271;"MEDCLIN";839710,46
"170";593908;"CASA DE SAUDE SANTO ANTONIO";835667,75
"171";818226;"ADS CARDIOVASCULAR ";833294,49
"172";594066;"IBAVO";824291,99
"173";593935;"CLINICA PRO SAUDE";823471,92
"174";965177;"CUIDARE";821506,94
"175";752664;"CAM - CLINICA DE ASSISTENCIA A MULHER";805482,93
"176";802432;"GASTROS BAHIA";793324,56
"177";593848;"CLIMECC";793279,02
"178";594202;"SONNAR DIAGNOSTICO EM MEDICINA ";792372,49
"179";594040;"GPA";777840,18
"180";735875;"CLINICA ANGIOVASCULAR DA BAHIA LTDA.";772925,21
"181";852395;"MULTIMAGEM ALAGOINHAS";772285,61
"182";807410;"CITO";765432,6
"183";594411;"SANTA CASA DE MISERICORDIA DE SAO FELIX";765221,75
"184";594215;"SORT - SERVICO DE ORTOPEDIA E TRAUMATOLOGIA";751967,73
"185";739694;"CENTRO MEDICO DE NAZARE";748488,42
"186";752647;"RMNI ASSOCIADOS";743428,48
"187";593745;"AMIGOS";740121,93
"188";745772;"CLINICA MEDICA DA FAMILIA";724750,6
"189";809329;"CDI - CENTRO DE DIAGNOSTICO POR IMAGEM";722080,23
"190";593981;"APAE";713938,8
"191";796353;"LABOCENTRO";709883,8
"192";619621;"CLINICA AGNUS DEI";709487,59
"193";594008;"CLIDOS";705043,15
"194";629190;"ANGIO MED";696789,67
"195";594476;"VASCULAB";696455,72
"196";798513;"BOM EXEMPLO LABORATORIO DE ANALISE CLINICA LTDA";682193,28
"197";753555;"HOSCA- HOSPITAL NOSSA SRA DA CONCEICAO";681859,25
"198";870883;"MULTIMAGEM ILHEUS";678795,69
"199";774621;"ANGIOCLAM VILLAS SERVICOS MEDICOS";668298,74
"200";594702;"CEMAR  ";649817,01
"201";594444;"CLINICA MEDICA DR. MARCELO G REIS-CLINICA MAE";646588,74
"202";883557;"HOME SAUDE";645101,06
"203";594745;"POLICLINICA DE ILHEUS ";641075,5
"204";594226;"NOA";639962,81
"205";842863;"A & S CONSULTORIOS ";637879,7
"206";807382;"CUB";635802,26
"207";594268;"CONSULMED";622709,2
"208";594281;"SEREC";620321,5
"209";593952;"CLÍNICA IDAD INST DE DOENÇAS DO APARELHO DIGESTIVO";617491,88
"210";744649;"INSBOT - BARBALHO";617462,14
"211";807348;"OFTALMOCENTER";610765,25
"212";594724;"MEDJAN - MEDCENTER JOANA ANGELICA";610356,81
"213";655399;"HOSPITAL JORGE VALENTE";607212,07
"214";878425;"QUALYVIDA CLINICA MÉDICA";603549,77
"215";593857;"CLINICA SENHOR DO BONFIM";602644,11
"216";593997;"CECOBA";594382,6
"217";752654;"CLINICA MASTER VIDA";593238,26
"218";807346;"HOLP";592781,26
"219";669431;"CARDIOCLINICA";582042,25
"220";744994;"DAY HOSPITAL LOUIS PASTEUR (OTORRINO CENTER)";581682,82
"221";593740;"IPEC INST DE PESQ EM CARDIOLOGIA  E ENDOCRINOLOGIA";577962,46
"222";798547;"LABORE";573054,71
"223";594449;"CLAB";568782,4
"224";636851;"INSTITUTO DE MEDICINA NUCLEAR DE FEIRA DE SANTANA ";567093,05
"225";593768;"SOS OFTALMO";564364,02
"226";593969;"SOTE";560371,05
"227";594236;"LAPEC LAB DE ANAL E PESQ CLIN";554917
"228";594003;"CLINICA ARTHROS";538375
"229";593739;"IRTE";537894,88
"230";594284;"LABORA";537892,6
"231";653360;"CEMI - CENTRO MEDICO DE IMAGEM ";535324,18
"232";816014;"MULTIMAGEM IRECE";532366,68
"233";735893;"CLINICA DR. FERNANDO HENRIQUE DE CASTRO FERREIRA ";530534,9
"234";594629;"HOSPITAL DR. HEITOR GUEDES DE MELLO ";528335,38
"235";753990;"OTORRINO MED ";521423,52
"236";845423;"CLIVAN INST. OFT. E DAY OFTALMO-HOSP. DE OLHOS DA BAHIA";518083,77
"237";594267;"CLIFIR";512380
"238";593792;"LAB LISBOA PATOLOGIA CLINICA ";512074,2
"239";744566;"DAY HORC ITAIGARA";508769,58
"240";594061;"LABOCLIN (DERALDO RIOS)";508109,68
"241";690690;"SEMO";504828,6
"242";842111;"CLINICA SAO MATHEUS";504644,48
"243";752694;"CDI";499609,42
"244";594456;"CLINICA OFTALMOLOGIA DRA. RITA LAVINIA";499190,08
"245";828708;"CENTRO DE MEDICINA HIPERBARICA";496648,33
"246";714395;"AMG";496130,48
"247";593680;"CLINICA SAO JORGE ";494307,41
"248";593692;"GYNETOCO";490408,46
"249";594224;"ORTOMED";488020,21
"250";832914;"CLINICA NEPHRON";485127,82
"251";593907;"HOSPITAL E MATERNIDADE LUIZ ARGOLLO";484424,18
"252";796352;"LAC";481928,42
"253";729412;"CEON";475723,66
"254";769507;"BIOSERV SERVIÇO DE BIO IMAGEM";475168,71
"255";807406;"LABOCLIV";466347,41
"256";744491;"CLINICA CTI";462255,47
"257";798565;"LABORATORIO BIOANALISE";459270,4
"258";798538;"BIOVALE";458117,8
"259";678207;"GASTROCIRURGICA - CLINICA DO APARELHO DIGESTIVO ";456394
"260";802437;"DELFIN IMAGEM";451140,42
"261";593814;"SANDES CONSULTORIOS MEDICOS";447220,5
"262";830967;"CENTRO MEDICO ACACIO CARDOSO(CTO DE ESPEC.MEDICAS)";447187,68
"263";852434;"URODAY HOSPITAL";446219,99
"264";744536;"CHECK CARDIO";438427,6
"265";735730;"CLINICA DO RIM";438051,28
"266";744540;"PROCORDIS";431296,97
"267";798560;"LABOMED";431252,8
"268";744570;"CLINICA DE TERAPIA ARTICULAR SOCIEDADE SIMPLES ";430490,07
"269";858387;"CEMIB";426456
"270";594623;"CLINICA VANIA G PINHEIRO SILVA";426103,13
"271";757538;"CLIMIL";424073,75
"272";713505;"CLINEFRO";422644,2
"273";594574;"IMAGEM MEDICA";418872,16
"274";594563;"IDI - INSTITUTO DE DIAGNOSTICO POR IMAGEM LTDA";418848,47
"275";594321;"HUMANA";416029,84
"276";594539;"CDM-CENTRO DE DIAGNOSTICO MEDICO ";410842,95
"277";593849;"HOSPITAL SAO FRANCISCO";410307
"278";593712;"INSTITUTO DE RADIOLOGIA DE ALAGOINHAS";409200,41
"279";594363;"CLINICA SAO JOSE LTDA";408801,61
"280";816144;"DNA LABORATORIO";406502,5
"281";753925;"CLINICA DR. RICARDO SIMAS E DRA. LILIA OLIVEIRA";405623,23
"282";594409;"POLICLINICA SANTA JOANA";403840,48
"283";965141;"CLIVALE ";402498,87
"284";593784;"LABORATORIO ESTRELA";398307,88
"285";594564;"CLINICA HOSPITAL COTEF";397638,05
"286";744470;"Prever - Centro de Prevenção e Reabilitação Visual";394254,35
"287";593867;"ADALAB";393412,8
"288";593799;"LABORATORIO POLICLINICA VIDA ";392618,34
"289";744496;"ANGIOCARDIO";390495,64
"290";594301;"BAHIA IMAGEM";389456,01
"291";594589;"SINPEL SERV. DE INFECTOLOGIA PED. E LIQUOR DA BAHI";382939,94
"292";594323;"JPC LAB";381197,4
"293";744488;"CCVE - CLINICA CIRURGICA E VIDEO ENDOSCOPICA";380278,86
"294";752693;"IMAC";379184,13
"295";818227;"LAC LABORATORIO DE ANALISES CLINICAS DE FEIRA ";378454,4
"296";594015;"CLINICA LAILA TUFFI ARRUDA";375140,94
"297";744471;"HOJE HOSPITAL DE OLHOS JOSE EUTROPIO";374404,63
"298";594475;"IGH";373471,65
"299";753986;"NOOBA";370717,8
"300";594117;"LABORATORIO ANALISE SC LTDA";369221,79
"301";889371;"OTORRINO IGUATEMI";367025,8
"302";594402;"PROFEMINA";366792,68
"303";945442;"VIDA MEMORIAL";366279,54
"304";852597;"LABORACLIL";364716,8
"305";744569;"CEOQ CENTRO ESPECIALIZADO OFTALMOLOGICO QUEIROZ ";363672,52
"306";594603;"GMN GRUPO DE MEDICINA NUCLEAR S/C LTDA";360126,54
"307";594348;"PRO-COR";357949,6
"308";852423;"CLINICA DR CARLOS NAVARRO LTDA - ME";355951
"309";787124;"GASTROCENTRO";353275,62
"310";739757;"CNS CLIN DE NEFROLOGIA DE SERRINHA- LUIZ ANDRADE";352961,04
"311";836946;"AUDIO CLINICA";350737,51
"312";744513;"INSTITUTO DE OLHOS ITAIGARA";349831,63
"313";858392;"IAD - INSTITUTO DO APARELHO DIGESTIVO";349036,2
"314";594454;"CIRUVASC";347798,04
"315";753557;"CLIOFT";345442,59
"316";686611;"Hort - Clínica Ortopédica de Feira de Santana";345016
"317";594162;"CLINICA SAO FELIPE";338788,49
"318";594078;"POLICLINICA SANTO INACIO";336732
"319";729424;"MEDICO CENTER";334437,85
"320";816095;"CENTRO DE MEDICINA HIPERBARICA DO NORDESTE";334277
"321";735888;"PREV CENTER CLIRCA";333926,55
"322";594251;"BIOCLINICA  ";332282,91
"323";594463;"COCIP";332081,8
"324";742595;"CLINICA CIRURGICA SANTA CLARA";331695,58
"325";965231;"LABORATORIO SABIN ";330968,66
"326";593984;"AFAC ULTRASSONOGRAFIA";330523,04
"327";594058;"CLINICA AMU";327972,39
"328";692524;"CLINICA NEURO ORTOPEDICA LTDA";327810
"329";752699;"BONFISIO";326741,29
"330";593687;"SOMEPE ";324674,28
"331";798488;"DNA LABORATORIO";324628,4
"332";594387;"INSTITUTO BAHIANO IMAGEM";324340,99
"333";744554;"NUCLEO BAIANO DE UROLOGIA";322689,19
"334";842109;"DNA LABORATORIO";322396,44
"335";744465;"CLIDEM";321265
"336";655327;"CDRJ CENTRO DE DOENÇAS RENAIS DE JEQUIE";320711,18
"337";594670;"CENTRO MEDICO SAO LUCAS";317995,11
"338";593721;"GIPEBA GR INT DE PED DA BAHIA";317214
"339";594350;"POLICLINICA SAO CAETANO";313695
"340";822505;"CLINICA VIVER";312689
"341";593862;"INSTITUTO DE RADIOLOGIA";310548,54
"342";852421;"CLINICA OUVIR";309645,8
"343";798485;"DNA LABORATORIO";307943,08
"344";594071;"CLINICA SANTA CLARA LTDA";301342,62
"345";798487;"DNA LABORATORIO";297473,5
"346";593949;"BIOCLINICA  ";297261
"347";889688;"GNAP - GRUPO NEUROFUNCIONAL DE ATENDIMENTO E PESQU";296380
"348";594254;"CETRO";293222,04
"349";594513;"CLINICA CARDIOLOGICA DR. GERSON PINHO";293200,92
"350";729421;"POLICLINICA VIDA LTDA";292625,71
"351";594119;"IACLIJE";287053,2
"352";753553;"CEOQ";286233,98
"353";744468;"CLINICA DERMAE - DERMATOLOGIA E ESTETICA";285948,2
"354";714382;"CLIGINECO ";284746,23
"355";828759;"INSTITUTO DE MEDICINA NUCLEAR DO SUL DA BAHIA LTDA";283775,55
"356";637604;"HEMOFEIRA SERV DE HEMATOLOGIA HEMOT E ONCOLOGIA LT";283163,53
"357";834975;"LABORATORIO SABIN";282521,6
"358";828781;"INTOR";281112,41
"359";806655;"CLINICA ROSA DOS VENTOS";280226,93
"360";744504;"CENTRO MEDICO SANTA LUZIA";279260,2
"361";714376;"CEU";277387,09
"362";593781;"LABOCENTER";276182,2
"363";949095;"NIRO HEALTH CENTER";275688,04
"364";783557;"POLICLÍNICA (CONSULTORIOS ASSOCIADOS SR DO BONFIM)";273437,27
"365";594184;"HOSP  REGIO E MATERNIDADE SANTANA DE CAETITE";271997,23
"366";752709;"CLIMEC CLINICA MEDICA CENTRALIZADA";271888,78
"367";744455;"IBEN INST. BAHIANO DE EST. EM NEUROLOGIA S/S LTDA";271004,5
"368";796348;"HUMANO LABORATORIO DE ANALISES CLINICAS ";270426,6
"369";753974;"CLÍNICA OTORRINO DIAGNOSTICO";270410,2
"370";594367;"CENTRAL DE LABORATORIOS CLINICOS DA BAHIA LTDA";265555,2
"371";753906;"IMDI";264999,07
"372";807370;"UNILAB";264941,4
"373";594633;"POLICAN POLICLINICA DE CANAVIEIRAS";264565,09
"374";593716;"GPM CLINICA MEDICA";264281,36
"375";594243;"ROBSON DE OLIVEIRA CAMPOS (LACLIN)";263267
"376";594692;"IACLI INST ANAL CLIN DE ILHEUS ";262886,4
"377";594725;"CLINOCAPE ";262292,38
"378";594349;"PRECISAO LABORATORIO CLINICO";261232,6
"379";843518;"SUL BAHIA ";260758,56
"380";807356;"IDAB";259290,7
"381";779690;"MASTOS";259090
"382";753476;"SERMEC ";253523
"383";594344;"NEUROCLINICA DE SALVADOR";251994,6
"384";594031;"CLOB";251838,97
"385";744560;"CLINICA OFTALMOLOGICA DE VILLAS";250921,86
"386";594295;"MED BAHIA MED ESPEC DA BAHIA";248939,74
"387";798603;"JC LAB";247927
"388";593674;"LIMPACLIN LAB IMUN PAT CLIN LTDA";246852,28
"389";816012;"ALERGON";245767,51
"390";822464;"NEWLAB ANALISES CLINICAS";244896,6
"391";811386;"NEOMED";242697,6
"392";624174;"CLINICA LINDAURA COSTA LAGO";239834,25
"393";744555;"CLINI-RIM";236418,23
"394";744497;"CARDIORITMO";235123,79
"395";594249;"CLIN DE OLHOS JORGE CARVALHO";232646,4
"396";714375;"UNIDADE CARDIOLOGICA";232506,85
"397";738447;"BAHIA IMAGEM";229009,69
"398";594503;"IMEB - INSTITUTO DE MEDICINA DA BAHIA";228518,89
"399";594658;"CLINIMAGEM ULTRASSONOGRAFIA";228334,7
"400";955458;"ESPACO HIDRO CLINICA DE FISIOTERAPIA ";228004
"401";828723;"IBL INSTITUTO BERILO LANGER ";225989,79
"402";594438;"CENTROCARDIO";225038,67
"403";858383;"ULTRACOR";223984,98
"404";594091;"CLINICA IMAGEM DIAGNOSTICO";223685,67
"405";852457;"CLINICA IGO";223655,58
"406";858388;"ING-BA";223576,2
"407";901863;"CENTRO DE VACINAS LOUIS PASTEUR";223194
"408";761591;"CORPORELLE CLINICA MEDICA";222881,6
"409";754135;"CEPTO";222856,6
"410";744550;"HORTOS";222695,1
"411";594407;"CTO - CLINICA DE TRAUMATOLOGIA E ORTOPEDIA LTDA";222470,03
"412";919827;"CONSULTORIO DE ESPECIALIDADE MEDICA";222365
"413";802581;"HISTOCITO";221704,6
"414";811387;"LABORATORIO LPC";221101
"415";753985;"Otorrinoclin";221091,26
"416";802419;"JCLAB";218543,2
"417";796194;"CLINICA DE ANGIOLOGIA DR REBOUCAS";218384,02
"418";744532;"OFTALMOCENTRO ";217585,24
"419";787117;"CMEPI";217544,63
"420";919224;"J.P.J - SERVICOS MEDICOS LTDA - EPP";215000
"421";593932;"CLISF CLINICA SAGRADA FAMILIA";214097,87
"422";787115;"ACS ATENCAO E CUIDADO EM SAUDE";213983,24
"423";844453;"CLINIKIDS CONSULTORIO PEDIATRICO";213060
"424";593828;"CLINICA ECHO ";211365,76
"425";594110;"BIODIAGNOSTICO";210477,98
"426";594011;"CLINICA DR AMERICO NOGUEIRA LISBOA FILHO";209699,05
"427";816042;"CENOE";209629,35
"428";593976;"CLINICA ORTRA";209504,72
"429";594012;"CLINICA DE OLHOS SANTA LUCIA SS";209244,54
"430";594604;"UROCLIN CLINICA E CIRURGIA UROLOGICA";208715,47
"431";690753;"OTORRINO'S DIAGNOSE LTDA";207330,8
"432";842113;"CLISAM";207293,61
"433";816142;"CONSULTORIOS LIBERDADE";206772
"434";744676;"NUCLEO PRO SAUDE EM CARDIOLOGIA";205986,06
"435";593724;"FUNCIONAL CLINICA MEDICA ESPECIALIZADA";205402,2
"436";798537;"LABORATORIO CEPAC";204860,2
"437";744449;"CLINICA S & A";204275,25
"438";816024;"GASTROS BAHIA";201215,83
"439";594079;"CAD";201207,6
"440";789965;"MICRO SERV DE ANAT PATOLOGICA E CITOPATOLOGIA";200239
"441";666641;"CLINICA VITALIS";199696,9
"442";599770;"URO - CENTRO DE HEMODIÁLISE ( V. DA CONQUISTA)";199055,34
"443";594420;"LAC LAB ANALISES CLINICAS (SEABRA)";197138,6
"444";619591;"ECORE";196836,72
"445";594209;"CLINICA DE VILLAS";196066,1
"446";981129;"TRANS MEDI SERVIÇOS MEDICOS";195848,32
"447";809571;"OC - OTORRINO CAMACARI";193974,3
"448";789906;"PROLAB ANALISES CLINICAS";193851,4
"449";716268;"CLINICA SANTA CLARA";192813,96
"450";843163;"BRASIL DIAGNOSTICOS";192266,27
"451";818292;"ORTOCENTRO";191305,03
"452";754124;"OTORRINOS CLINIC - CL DE OTORRINO E FONOAUDIOLOGIA";190714,89
"453";594022;"CLINICA DR JORGE WASHINGTON BENEVIDES SS LTDA";189762,03
"454";807355;"IMAGEM MEDICA";189540,05
"455";593942;"CASA DE SAUDE MAT STA MONICA";187363,62
"456";916582;"MEDERI SAUDE DOMICILIAR SUDOESTE";186921,07
"457";769859;"CENTROCOR";186781,96
"458";842800;"CONSULTORIO DR. NELSON - FILIAL JEQUIE";186556,5
"459";594566;"HOSPITAL ALIANCA";186466,07
"460";594126;"CORF";185977,79
"461";753991;"AUDIOCLINICA";185848,18
"462";594238;"MOURA E LAVIGNE ";185797,2
"463";665949;"HEMOVIDA";185731,6
"464";965214;"HUMANA ";185640
"465";822462;"CEDIBA (CENTRO DE DIAGNOSTICO INTEGRADO DA BAHIA)";185618,09
"466";594693;"ELCLIN";184661,41
"467";902504;"AMES";184655,63
"468";834963;"OTOMED";184365,8
"469";757815;"CLINEFRO";183596,53
"470";594175;"BIO LAB";183475,2
"471";744453;"CITTO";181224,9
"472";796156;"CLINICA SAO LUCAS";180740,51
"473";742598;"CARDIOCLIN";178300,6
"474";965215;"IMAC";178161,9
"475";593933;"CLIMEV";177930,19
"476";870888;"LABOANALISE";177799,8
"477";902498;"HOSPITAL CRISTO REDENTOR";177761,14
"478";739791;"NUOBA - NUCLEO DE UROLOGIA E OTORRINOLA DA BAHIA";176298,4
"479";735884;"CLINICA DA GRAÇA";175544,9
"480";594260;"OFTALMOPREV";175263,04
"481";593696;"LABACLIN";174997,2
"482";594506;"CLINICA DR. JOSE BAHIA SAPUCAIA";174792,07
"483";965422;"BAHIA HOME CARE ";174269,45
"484";744501;"RETINA EYE CLINIC";173800,62
"485";599599;"ACOF - ASSISTENCIA CLINICA OFTALMOLOGICA";173309,04
"486";807349;"GASTROIMAGEM";172871,85
"487";594621;"CLIPE";172229,98
"488";594652;"GASTROCLINICA ILHEUS";172186,41
"489";594232;"AME";171275
"490";624076;"CEAM";170676,18
"491";955457;"DNA LABORATORIO";170507,26
"492";789603;"CARDIOLAB";170105,8
"493";796195;"MASTERLAB";169645,4
"494";807378;"PETITCOR";168773,9
"495";594684;"DIAGNOST LABORATORIO DE ANÁLISES CLÍNICAS. ";168668,8
"496";798462;"VIDA LABORATORIO DE ANALISE CLINICA";166845,4
"497";807500;"PESQUISA LABORATORIO";166222,1
"498";593719;"ASO";165422,46
"499";594568;"INSTITUTO DA VISAO";164906,5
"500";594167;"ANORF";164904,66
"501";594676;"GASTROCLINICA LTDA";163127,42
"502";822478;"MEDICO CENTER";162938,4
"503";816008;"LABORATORIO LINUS PAULING";162758,8
"504";753907;"CLISANNA";161291,68
"505";898921;"IDEFI - CLINICA MEDICA E HOSPITALAR";160925
"506";594501;"CLIMAM";160906,07
"507";842794;"JRJ SERVICOS";159468,86
"508";802482;"CEO";158205
"509";798687;"LAD - LABORATORIO DE APOIO DIAGNOSTICO DE BONFIM";158091,4
"510";594173;"LABOR ANALISES CLINICAS";157319,8
"511";594157;"GASTROCLINICA";156752,69
"512";757884;"PROTRAUMA";156591,31
"513";807351;"UNIVISAO";156245,5
"514";807419;"CLINICAR";156172
"515";833000;"CLINICA VIVA";156130
"516";735883;"CLINICA OTAVIANO ANDRADE - SERVICOS MEDICOS";154621,6
"517";594521;"CLINICA FEMINA ";154077,31
"518";690457;"CLINICA CARDIOLOGICA DR LUIZ ANTONIO COSTA ARAUJO ";154044,8
"519";807377;"CLIDERGI";152786
"520";896958;"ENDOCLINIC CLINICA DE ENDOCRINOLOGIA ";152152
"521";594142;"CLIORT";151903,92
"522";835309;"BAMBINO EMERGENCIA PEDIATRICA";151572,71
"523";744494;"CLINICA DO OLHO";151476,28
"524";757885;"VITACLIN";150670
"525";608681;"CLINICA DE UROLOGIA DR JOAO RICARDO";149691,1
"526";594020;"CLINICA DE OTORRINOLARINGOLOGIA M. I. AZEVEDO";149162
"527";842802;"DNA LABORATORIO";149008,82
"528";593782;"CLINICA CRISTO REDENTOR";148872,76
"529";981205;"CLINICA MEDICA ABAETE";147788,78
"530";594276;"CLIVISAO";146748,2
"531";816013;"PHYSIO SERV";145880
"532";889373;"MAISA CALAZANS BERBET - ME";145842
"533";744582;"OFTALMOLOGIA EDIMAR MARTINS ";145536,78
"534";809573;"GYNECOSOM";145377,16
"535";965210;"CENTRO PEDIATRICO LOUIS PASTEUR ";145122
"536";594615;"CLIFI ";145064,6
"537";593903;"SOFISIO";144745,95
"538";744546;"IOA - INSTITUTO DE OLHOS DE ALAGOINHAS";144332,2
"539";807433;"INSTITUTO DE CARDIOLOGIA";144284,33
"540";594258;"COR - CLINICA OFTALMOLOGICA DE ROMA LTDA";144078
"541";744551;"LUIZ FERNANDES SERVICOS OFTALMOLOGICOS";142525,5
"542";744545;"CENTRO DERMATOLOGICO RODOLFO DANTAS";142151,6
"543";744524;"OCULAR OFTMED SERVIÇOS EM SAUDE LTDA";141348,08
"544";965137;"INSTITUTO CRUZ FREIRE";141299,04
"545";809612;"CAT CONSULTORIOS MEDICOS";140828,5
"546";744505;"CLOF";140650,27
"547";813705;"SEMPRE FISIO";140630
"548";594535;"COI";140125,6
"549";798567;"CLAB";139938
"550";792675;"IMR - INSTITUTO MARQUES DE RADIOLOGIA";139340,07
"551";965252;"NEFROVITA";139139,92
"552";955483;"SINTESE";138045,64
"553";798571;"CLAB";137736
"554";744567;"CITO CENTRO DE TRATAMENTO OFTALMOLOGICO ";136530,8
"555";787105;"PRONEURO";136470,95
"556";594181;"AMBULANCE SERVICE";135854,3
"557";807336;"CTD";135801
"558";901857;"IMCARDIO -  INSTITUTO MATERNO CARDIOLOGICO";135692,17
"559";594111;"SONO DIAGNOSTICO ";135039,23
"560";594578;"IRBA";134996,34
"561";798572;"CLAB";134779
"562";889511;"CLIMORS CLÍNICA DE ATENDIMENTO MED OFTAL  DA REGIÃO DO SISAL";134249
"563";594211;"UROCENTER";132766,11
"564";753915;"CL OTORRINOLARINGOLOGICA DR HENRIQUE FRANCA";132332,6
"565";870921;"GIH EMPREENDIMENTO MEDICO";132109
"566";954983;"CLINIMASTER CLINICA MEDICA";131700,65
"567";883579;"HOC - HOSPITAL DE OLHOS DE CONQUISTA";131686,4
"568";594270;"CLIDAR";131651,1
"569";594612;"CLINICA RADIOLOGICA DE ILHEUS";131452,23
"570";594514;"ANACLIN LAB DE ANAL CLINICAS";131231,2
"571";896959;"AMO ASSISTENCIA MULTIDISCIPLINAR EM TRATAMENTO DO CANCER";131018,35
"572";796334;"LABORATORIO MARTINS";130995,8
"573";842780;"HIPERMED";130963,8
"574";753916;"OTORRINOCARE";130737,2
"575";789664;"ISLAB";130548,4
"576";744543;"PRO OFTALMO";130429,82
"577";593941;"ORTOCLINICA";128727,98
"578";594583;"COB - CENTRO DE OFTALMOLOGIA DA BAHIA";128443,26
"579";752651;"CLINICA PAULO BALTHAZAR";128037,45
"580";716267;"CLINICA ORTOPEDICA E PEDIATRICA DE IRECE";127713,98
"581";852560;"LABORATORIO SPALAZANNI";126961,68
"582";594374;"ALCLIN";126714,89
"583";744542;"DERMACLIN";125925
"584";807407;"LABOCLIV";125217,6
"585";686525;"CENTRO MEDICO AQUARIUS SOCIEDADE SIMPLES";124690,8
"586";798460;"LABORATORIO PESQUISA";124214,82
"587";594401;"PROTEGE";123604
"588";807391;"LABORATORIO SPALAZANNI";123555,4
"589";594709;"MED CENTER";123328,4
"590";745771;"BELLA PELE ";122947,3
"591";807331;"CLIFIS - CL  DE FISIOTERAPIA & SERV ESPECIALIZADOS";122836
"592";852561;"LABORATORIO DE ANALISES CLINICAS SPALAZANNI";121396,15
"593";749048;"HOSPITAL DE OLHOS DE ILHEUS";120936,24
"594";594638;"CLINICOR - CLINICA MEDICA E CARD DR ROBERTO DULTRA";120550,1
"595";594200;"CLINICA ALERTA";120424,76
"596";594641;"SONIMED";120362,7
"597";955442;"CENTRO DA VISAO ";120086,49
"598";594540;"CDM - CENTRO DE DIAGNOSTICO MEDICO";119984,2
"599";735902;"CEHM - CENTRO DE ESTUDO DO HOMEM E DA MULHER";119665
"600";594690;"CLIFIMED";119106
"601";744474;"SOI - SERVICOS OFTALMOLOGICO DE ITAPOAN";118981,4
"602";787183;"IBO - INSTITUTO BAHIANO DE OTORRINOLARINGOLOGIA";118777,8
"603";798546;"LABORATORIO LABCENTER";118623,67
"604";822549;"ENDO PROCTO SERVICOS MEDICOS";118496
"605";594552;"LAFARPEC ";117917
"606";800923;"SPALAZANNI LABORATORIO DE ANALISES CLINICAS";117818,76
"607";688256;"CLINICA OFTALMOLOGICA LUIZ MOURA BASTOS ";117365
"608";735901;"CONSULTORIO PEDIATRICO NADYA BICHARA LTDA";117362
"609";807415;"DIAGNOST";117144,4
"610";807401;"CMO";116956
"611";744517;"COLIN - CLINICA DE OLHOS LITORAL NORTE ";116731
"612";744997;"CLIFIR";115904,89
"613";789858;"EMBRIO LAB";115272,8
"614";594222;"SAD SERV DE ALERGIA E DERMATOL LTDA";114903,6
"615";593823;"LABI LABORATORIO (ALAGOINHAS)";114448,8
"616";902499;"CLINICA SANTA RITA";114331,6
"617";828709;"FUNCIONALLE";114227
"618";919838;"BIO IMAGEM OURO BIO IMAGEM SERVICO DE DIAGNOSTICO ";114215,99
"619";744557;"OFTALMOVILAS CLINICA DE OLHOS";113633,78
"620";807497;"CLINICA DE NEURODIAGNOSTICO ";113568
"621";828752;"CLIMEFI";113302
"622";889364;"AQUA E TERAPIA";112764
"623";735897;"CLINICA DO BAIRRO";112672,4
"624";627181;"POLICLINICA SAGRADA FAMILIA LTDA";111410
"625";688358;"CLINICA SAO LUCAS";111020
"626";593774;"POL. WALTER CARVALHO FILHO E AUXILIADORA ROBATTO";110883,84
"627";744520;"CLINICA DE OLHOS SIMONE CASTELLUCCIO LTDA";110290
"628";787125;"CLID";110071,8
"629";596908;"CENSO CENTRO BRASILEIRO DE SAUDE OCULAR";109924,44
"630";593698;"CLINICA SAO JOSE ";109903,37
"631";833003;"OTORRINOCLIN";109894,3
"632";594033;"CLIVAB CLÍNICA VASCULAR DA BAHIA SS LTDA";109563,5
"633";744514;"CLINICA SAO FRANCISCO DE ASSIS";109407,67
"634";798552;"LABORATORIO CARVALHO";109102,4
"635";774045;"OTOCLIN CL DE OTORRINOLARINGOL. E INSTUTO DO SONO";108836,6
"636";842807;"CONTROLE LABORATORIO";108812,6
"637";787114;"CLIOC - CLINICA DE OTORRINOLARINGOLOGIA DO CANELA";108549,25
"638";593780;"CLINOL";108517,77
"639";594028;"CONSULTA";108353,54
"640";807386;"IR - INSTITUTO DE REAB PEDRO PAULO GUIMARAES";107779
"641";744480;"VISUALMED";107683,68
"642";599302;"SAGIO SERVIÇO DE ATENDIMENTO GINECOLOGICO E OBSTET";107674,81
"643";796289;"UROCLINICA";106804,73
"644";742597;"CMI - CENTRO MEDICO INTEGRADO";106028,97
"645";744568;"FISIOTRAUMA";105730,55
"646";752661;"CLINICA MAMO";105400,4
"647";816090;"IMAD IMAGEM E DIAGNOSTICO";105334,97
"648";594471;"IOFE";105091
"649";981084;"LABACLEN ";104160,5
"650";744519;"CLIORTI";103878,9
"651";949100;"VIDA E SAUDE EMPREENDIMENTOS LTDA";103608
"652";677444;"CENTRO DE ASSISTENCIA INTEGRAL AO PACIENTE RENAL ";103593,24
"653";694397;"MARIA DO ROSARIO GUIMARAES CAIRES";103547,6
"654";921225;"NEUROTRAT FISIOTERAPIA NEUROLOGICA LTDA ME";103512,5
"655";779681;"CSS";102311,4
"656";818232;"USEMED-CLINICA DE REABILITACAO CORPORAL";102186
"657";593860;"LABOP";102105,6
"658";729423;"CLIGIM";101703,8
"659";878424;"UNICOR - BA";101473,13
"660";889372;"SEMEL";101468,8
"661";594239;"VIDA LAB ANAL CLIN ";101143,6
"662";594677;"COF";100847,15
"663";593777;"IGA - INSTITUTO GERALDO ANDRADE DE MEDICINA";100680,84
"664";594248;"CLINICA OFTALMOLOGICA VISAO - CLIVISAO";100540,7
"665";916581;"MEDERI SAUDE DOMICILIAR  ALAGOINHAS";100461,13
"666";787107;"CLIM - CLINICA DE IMAGEM E MEDICINA";100360
"667";949099;"IMAIS";100058,27
"668";789677;"LABORATORIO PROLAB";99826,01
"669";796160;"ELAB";99544,4
"670";885730;"IVI SALVADOR MEDICINA REPRODUTIVA S/A";99500
"671";593693;"GASTRO LAB ";99468,8
"672";624167;"AUGUSTA MARIA M. BOMFIM ATENDIMENTO PEDIATRICO S/C";99030
"673";769652;"CLIMFISIO";98500
"674";807358;"AC FISIO";98184
"675";695718;"GINOS";98035,6
"676";756407;"CENTRO BAHIANO DE GASTRO- HEPATOLOGIA E ENDOSCO";96974,54
"677";739789;"PRO-CARDIO";96380,51
"678";916588;"MEDERI SAUDE DOMICILIAR SUL BAHIA";95993,29
"679";807344;"CLAMF";95438
"680";709931;"CLINICA SANTA MONICA";95355
"681";813666;"INSTITUTO DIAGNOSTICO DA MULHER";95154,18
"682";709945;"CLINICA DA MULHER";94673,96
"683";941007;"CENAFERT";93280
"684";828749;"STUDIO PILATES EQUILIBRIO E SAUDE";93276,4
"685";593990;"LABIPA";92607,2
"686";714390;"PEDRO ALMEIDA DA SILVA";92483,8
"687";752703;"SANTE BIO IMAGEM";91556,06
"688";744572;"CLINICA SANTA RITA DE CASSIA";91483,07
"689";842796;"CLINICA VITA SANTE ";91344
"690";843520;"FISIO SAUDE";91183
"691";593678;"POLICLINICA E MATERNIDADE GUANAMBI";91016,72
"692";900868;"CLINICA SAUDE E VIDA";90900
"693";594342;"OFTAL  CLIN. OFTAL. DRA. CLAUDIA BUST. VASCONCELOS";90704
"694";594185;"CLINICA DE OLHOS SANTA CLARA";90650,2
"695";744527;"CLIVIDA";90650
"696";798588;"LABCLIN";90353,88
"697";744499;"CICV - CENTRO INTEGRADO DA COLUNA VERTEBRAL";90090
"698";748432;"MEDSAUDE";89962
"699";594004;"CLIME CLINICA MEDICA DE URGENCIA ";89830
"700";889374;"OTOFACE CLINICA MEDICA LTDA";89813,5
"701";949343;"HMNL SERVICOS MEDICOS LTDA - LIFE";89014,81
"702";593967;"MATERNIDADE ANA CATARINA ";88075
"703";690735;"CLOGIP - CLINICA DE OBST. GINEC. COLOPROCTOLOGIA";87860,6
"704";744482;"OFTALMOPLUS";87769,88
"705";787185;"CRESS";87639,6
"706";744562;"PHACE";87560,5
"707";593978;"CLIG CONSULTORIO DE GASTROENTEROLOGIA";86491,2
"708";796190;"LABORATORIO QUALITY";86392,88
"709";807397;"CNBA";86125
"710";690782;"CENTROCEN";86050,6
"711";714389;"CLINICA SAUDE E CIA";85778,4
"712";901854;"CLISARA";85605
"713";965184;"LABORATORIO LPC";85385,2
"714";744539;"CLINICA DE DERMATOLOGIA MAKIKO FUJITA LTDA";85171,4
"715";594180;"GINOCLIN";84965,73
"716";688239;"CLIMERJ";84564,46
"717";744511;"BIOFTALMOS - OFTALMOLOGIA GERAL";83765,46
"718";828726;"CENTRO CLINICO BEM STAR";83765
"719";901832;"VISTALAB LABORATORIO DE ANALISES CLINICAS";83267,61
"720";945424;"CLINICA DERMACOS";82534,2
"721";594718;"DIAGNOSE";82235,05
"722";735889;"CLINICA BAHIENSE";81835,6
"723";789668;"LABORATORIO ALIANCA";81829
"724";594512;"LAPECLIN LABORAT DE PESQ CLIN ";81806,2
"725";594368;"CELSO VIANA E MARIA CARMO GIN E OBSTETRICIA";81575
"726";807779;"CIRFISIO";81243,4
"727";709930;"HOSPITAL CORACAO DO VALE";80990
"728";744677;"IOFS";80613,78
"729";789943;"DILAB - DIAGNOSTICOS LABORATORIAIS";80580,2
"730";594567;"CLINLAC - CLINICA MEDICA E LABORATORIO DE ANALISE";80326,69
"731";789883;"CLINICA MAIS VIDA FISIOTERAPIA";79791
"732";744643;"IFORT ";79540,39
"733";593779;"LABORATORIO SANTA AMELIA";79500,53
"734";690464;"GINEPREV";79105,8
"735";593859;"LADE";78690,6
"736";833004;"INSTITUTO DE OLHOS DR. PEDRO GANTOIS";78099,37
"737";594608;"SACRO - SERV DE ACIDENTADOS, REABIL. E ORTOPEDIA";77853,62
"738";754123;"CLINORL";77845,5
"739";753556;"UROMEDIC UROLOGISTAS ASSOCIADOS LTDA";76793,5
"740";594723;"DIAGNOR - CLINICA IVAN R LESSA";76782,31
"741";757813;"CLINOS";76693,24
"742";594465;"CLIVAN";75920
"743";697357;"PNEUMOCLIN";75648,8
"744";901855;"CENTER CARDIO";75589,4
"745";822452;"CLIDERME";75467,8
"746";593882;"POLILAB";75162,6
"747";842769;"POLICLINICA VALERIA";75050,93
"748";594557;"CF CLINICA MEDICA DE GAST E ENDOSCOPIA - MEDCLIN ";74918,03
"749";599886;"ECOVASC - LABORATORIO DE ECOGRAFIA VASCULAR LTDA";74594,99
"750";828784;"CENTRO DE FISIOTERAPIA DE SERRINHA";73724
"751";593855;"NEOFISIO";73542
"752";594665;"CEMEL";73385
"753";816044;"ICAM";73172,17
"754";688416;"GASTROMED";73172,03
"755";593891;"ENDOGASTRO ";72679,96
"756";774610;"VISTA - MEDICINA DOS OLHOS";72410
"757";796335;"BIO -EXAMES LABORATORIO DE ANALISES CLINICAS ";72139,04
"758";594056;"CLÍNICA DE IMAGEM";72057,25
"759";919756;"FISPE";71890
"760";594006;"CLIGIM";71805,59
"761";842110;"CARDIO VIDA";71718,9
"762";744478;"CLINICA DR JORGE WASHINGTON BENEVIDES SS LTDA ";71653
"763";627204;"MATERNA ";71615,28
"764";594479;"CL. DE GIN E OBST BENILDES ANTONIA DE FREITAS ";71583,7
"765";789910;"LABORATORIO DE ANALISES CLINICAS SANTA MARIA";71425,5
"766";594635;"IUNE - INSTITUTO DE UROLOGIA E NEFROLOGIA DE FEIRA";71045
"767";690504;"CLINICA DE OLHOS DR GIOVANI COSTA  ARAUJO ";70896
"768";594672;"CLIMCIRGO";70850
"769";594364;"CNS";70850
"770";789676;"LAB - LABORATORIO DE ANALISES DE BRUMADO";70845,6
"771";594158;"ECODIAGNOSE";70794,51
"772";593791;"CENTRO MEDICO SANTA LUZ";70164,25
"773";798553;"PLASMA MEDICINA ESPECIALIZADA LTDA";69855
"774";594105;"PROFISIO";69706
"775";813805;"DAVID PINTO LABORATORIO DE ANALISES CLINICAS";69433,4
"776";807335;"ESPACO VIDA FISIOTERAPIA";69230
"777";735882;"POLICLINICA SAO LUIS";69170
"778";697307;"MED ANGIO";68917,58
"779";828721;"INSTITUTO DO CORPO VIRGINIA PAIM";68908
"780";594423;"SOA- SERVIÇO OFTALMOLOGICO DE ALAGOINHAS LTDA";68827
"781";789666;"DILAB";68505
"782";802425;"LABOCLIV";68481,8
"783";594378;"CLIGIOP CLIN DE GINEC OBSTETRICIA ";68208
"784";858382;"CARI";66532
"785";744457;"INSTITUTO DE OFTALMOLOGIA DA BAHIA LTDA";66105
"786";955448;"LABORATORIO LPC";66050,4
"787";752687;"PRO IMAGEM ";65963,04
"788";744495;"NEUROVIDA";65856,05
"789";889368;"ECOSSOM DIAGNOSTICO";65701,71
"790";626459;"CLINICA OFTALMOLOGICA ALDALICE DE ALMEIDA SIMAO";65640
"791";749049;"FERREIRA FILHO CLINICA MEDICA";65373,97
"792";739695;"CLINICA DRA. VALDECI MALDONADO";64998,8
"793";955485;"CENTRO MEDICO PRONEURO";64789,7
"794";594657;"CLIOS";64612,81
"795";789670;"LABORATORIO ANALISE";64427,6
"796";798550;"HEMOLABOR";64245,4
"797";745821;"MEDCLIN";63895
"798";714383;"CLINICA MEDICA FERNANDO MORBECK";63731,73
"799";965154;"INOVE OFTALMOLOGIA";63374
"800";754138;"CMO- CENTRO MEDICO DE OTORRINOLARINGOLOGIA";63301,44
"801";693231;"CLICARD - CLINICA CARDIOLOGICA";63233
"802";739976;"NUCLEO  ESPECIALIDADES CIRURGICAS";62985
"803";594628;"LACLIV";62725,4
"804";798859;"LABORATORIO SAO FRANCISCO";62724,8
"805";822450;"ONCOCENTER CENTRO DE ONCOLOGIA E HEMATOLOGIA LTDA.";62660
"806";594682;"CLISA -  CLINICA DE SENHORAS";62045
"807";830933;"PHYSIOS";61770
"808";593995;"CLINICA DE APOIO A JACKELINE KRUSCHEWSKY";61295
"809";594500;"ECHOSON";61204,87
"810";636818;"NOVACLIN ";61143,3
"811";744484;"CLINICA DE OLHOS SANTA LUZIA";61035
"812";807414;"PAULO SANJUAN CLINICA DE CIRURGIA ";60749,35
"813";800794;"NEWLAB";60734,68
"814";749046;"CONSULTORIO MEDICO";60578,53
"815";709932;"CLINICA ALIANÇA";60562,86
"816";816011;"ENDOCRINOLOGIA VIDA E SAUDE";59953
"817";852433;"MAIS SAUDE CLINICA MEDICA";59849,45
"818";688374;"CLINICA CARDIOLOGICA PERIVALDO TEIXEIRA";59587
"819";744526;"BAHIA CLINICAS";59534,68
"820";744578;"POLICLINICA DA LIBERDADE";59532
"821";745823;"CLIMED - ODONTO";59346,3
"822";807367;"CLINICA ENCONTRO";59228
"823";752697;"POLICLINICA DO RIO VERMELHO";59215
"824";945418;"ECHOCARDIO INSTITUTO DE MEDICINA CARDIOVASCULAR";58826,3
"825";789667;"LABCENTER";58199,8
"826";769537;"INATROO";57755,6
"827";981083;"LABACLEN ";57625,04
"828";594532;"BIOGASTRO";57345,75
"829";599667;"Centro Especializado em Oftalmologia";57215
"830";798566;"LM DIAGNOSTICO LABORATORIO DE ANALISES CLINICAS";57055,4
"831";842778;"MEDINLAB";56995,4
"832";742770;"HOLISTE";56952,09
"833";901831;"NOOBA DO LITORAL";56895,4
"834";598915;"N A CLÍNICA GINECOLOGICA";56460,1
"835";613589;"CLINICA DE OFTALMOLOGIA CARMEN GAVAZZA";56320
"836";807449;"IOTE INSTITUTO DE ORTOPEDIA E TRAUMATOLOGIA ESPECIALIZADA";56275,2
"837";945428;"ANGIOMASTER";56139
"838";744533;"CARLOS GOES VIENA CLINICA OFTALMOLOGICA";56119,92
"839";619520;"GOGS  GRUPO DE OBST E GINEC DE SALVADOR LTDA";56053,54
"840";807354;"POSTURA ATIVA";55838
"841";699472;"CLINICA DO CORACAO DRA LINDINALVA BARREIRA";55436
"842";594247;"LABOL LABORATORIO DE A CLINICAS";55271,84
"843";594408;"PLASMA ANAL LABORATORIAIS SC LTDA";54770,08
"844";802434;"CARDIODERMA";54495,7
"845";796346;"LEC";54298,8
"846";822552;"PSIQUE";54275
"847";752706;"CLINICA MATTEONI DE ATHAYDE";53885,85
"848";795989;"SOFT  SERVICOS  DE  OFTALMOLOGIA ";53787
"849";593910;"LAPEC - LABORATORIO DE ANALISES CLINICAS ";53782,42
"850";807418;"CLINICA DE OFTALMOLOGIA DRA. ANA ESTEVEZ";53170
"851";629024;"LABORATORIO ISABEL REGO";52805,56
"852";752689;"CLINICA PRO-VIDA";52655,74
"853";623149;"ALERGODERMA";52634
"854";594679;"CENTRO DIAG. DA MULHER";52483,49
"855";828710;"CLIOF";52386,66
"856";798608;"LABOCLIN";52386
"857";830824;"FISIOS";52147
"858";669400;"ONCOMED (CLINICA DE ONCOLOGIA DO SUDOESTE)";52131,67
"859";594273;"CLIDAL";51969
"860";807430;"CW FISIOTERAPIA";51940
"861";949098;"POLICLINICA MAIS SAUDE";51740
"862";744481;"LABORATORIO DE ANALISE CLINICA E CITOLOGIA";51683,6
"863";802428;"DERMES";51192,9
"864";753972;"ISFD SERVICOS MEDICOS ";51087,66
"865";789665;"O BIOQUIMICO DIAGNOSTICO LABORATORIAL";50778,2
"866";599523;"CENTRO MEDICO TEIXEIRA DA ROCHA";50752,81
"867";807446;"OFTALCIN";50423
"868";594721;"EXCLIN EXAMES CLINICOS";50071
"869";899140;"OTORRINOVITTA";49961
"870";593816;"ENDOGASTRO CLIN GASTRO E ENDOSCOPIA ";49849,09
"871";901864;"CLINICA TEMPO-TERAPIA MÉDICA E PSICO-ORGANIZACIONA";49790
"872";870920;"LAMAI";49675,6
"873";594164;"LAB CLINICO SIMOES FILHO";49646,8
"874";830834;"ORTOFISIO";49602
"875";816026;"COAB";49290,34
"876";842104;"CEADI";49200
"877";828786;"FISIOCLIN";49180
"878";816104;"CISP";48954,45
"879";807499;"OFTALMOCARE";48840,02
"880";828788;"CLINICA SATTVA";48706
"881";796147;"DOCTORS CENTER CENTRO MEDICO DE PARAMIRIM";48096,19
"882";753482;"CLINICA CIAM";47905
"883";745773;"IPSE";47775
"884";594207;"CLIVERDE";47722,74
"885";593852;"SERVIÇO DE MASTOLOGIA DE FEIRA DE SANTANA";47721,1
"886";594412;"CRB - CLIN DE REABILITACAO DA BAHIA LTDA";47653,2
"887";828748;"CREFIS - CENTRO DE REABILITACAO E FISIOTERAPIA";47362
"888";798587;"CENTERLAB";47258,12
"889";744561;"MANUORT";47146,58
"890";594233;"CLINICA SAO VICENTE DE PAULA";47119,87
"891";599798;"GERIOCLIN";47090,6
"892";968793;"FRANCHI";47000
"893";809671;"LABORATORIO EXEMPLO";46998,6
"894";802436;"COSB";46967
"895";896964;"CENMI";46956
"896";593838;"CEMEC - CENTRO MEDICO CRUZALMENSE";46735
"897";774609;"CLINICA DRA MARIA LAURA CARDOSO";46392,08
"898";594523;"IMA";46290,75
"899";626584;"CENTRO MEDICO JOSE MOURA COSTA";46280
"900";754136;"HARA SAUDE FISICA E MENTAL ";46222,74
"901";594240;"ZELIA LAB ANAL CLINICAS";46025,64
"902";752691;"INSTITUTO IMAGEM";45928,12
"903";769686;"CENEB";45500
"904";594176;"DIAGNOSE LAB DE ANALISES CLIN ";45134,12
"905";623144;"CLINICA JOVEM";45099
"906";593683;"BIOLAC";45088
"907";594386;"IMAGENOSOM";45016,94
"908";807389;"FISIOCLINICA MIRELLI PUTINI";44157
"909";753910;"CLINICA DE MEDICINA PREVENTIVA LTDA";44149,58
"910";901830;"COST";44099
"911";594492;"ORLANDO F. DE CARVALHO NEUROLOGIA E NEUROCIRURGIA";44005
"912";593670;"HEMOGASTRO CLINICA";43247,53
"913";807411;"INSTITUTO REABILITAR";43176
"914";796354;"LACLIG LABORATORIO DE ANALISES CLINICAS DE GANDU";43098,96
"915";594172;"FAMEDE CLINICA MEDICA  ";43018,5
"916";807353;"MED CENTER ENDOBESI";42984,8
"917";798599;"DILAB";42630,8
"918";744518;"CLINICA DE OLHOS DR ANTONIO BARBOSA";42445
"919";830837;"VIVACE SAUDE INTEGRADA";42440,8
"920";594736;"NEUROCLINICA DE JEQUIE";42250
"921";688376;"ISI - INSTITUTO DE SAUDE INTEGRAL (CLINICA AMA)";42078,51
"922";973819;"CLINICA MARIA ISABEL TAVARES LTDA - ME";42000
"923";828785;"CLIMEP";41957
"924";798594;"LABAC  LABORATÓRIO DE ANÁLISES CLÍNICAS";41665,2
"925";680944;"FE - FISIOTERAPIA ESPECIALIZADA LTDA";41636
"926";798493;"LDC LABORATORIO";41576,4
"927";619511;"KATIA FREITAS OFTALMOLOGIA ";41544
"928";852426;"CHECAP LABORATORIO DE ANALISES CLINICA";41511,48
"929";744448;"ALCLIN";41400,07
"930";716270;"CLINICA NOSSA SENHORA DE BROTAS ";41290,01
"931";695807;"ENDOIMAGEM DIAGNOSTICO";41289
"932";619170;"CLINICA DA CRIANCA";41145
"933";807352;"ONCOBAHIA";41145
"934";789907;"DIAGNOLAB";41075,12
"935";751585;"CAM - CLINICA DE ASSISTENCIA A MULHER ";41050,54
"936";752674;"IBMED ";40858,79
"937";598846;"CLINICAR  CLÍNICA CARDIOLOGICA LTDA";40857,7
"938";593845;"LABORATORIO VILA RICA";40821
"939";599619;"CLINICA BAHIANA DE CIRURGIA ";40666,58
"940";798463;"LABOVIDA";40380,6
"941";787164;"CLINICA ASMET";40328,6
"942";813691;"LACOM";39984,8
"943";783097;"CLIVALE";39725,53
"944";744493;"DAYHORC EUNAPOLIS";39650
"945";714386;"CLINICA ATUAL LTDA";39523,5
"946";735898;"CLINICA MEDICA DR ORLANDO SILVA SANTOS";38870
"947";653712;"CLIMOD";38807,25
"948";965247;"CLINICA SALVADOR";38724
"949";594553;"OSTEO";38672,4
"950";594737;"CONSULTE SERV DE ASSIST MED ESPECIALIZADA";38546,5
"951";828787;"VILELA LAB LABORATORIO DE ANALISES CLINICAS";38437,2
"952";852489;"CLINICA PHYSIO VIDA";38278
"953";919826;"CMO CENTRO DA ORLA DE CAMACARI LTDA";38220
"954";739696;"SEL- SERVICOS ESPECIALIZADOS SAO RAFAEL";38192,2
"955";787095;"PHOENIX";38155
"956";754126;"CLONEP";38155
"957";809654;"FISIOCORPORE";38094
"958";594294;"IAM INST DE ASSIST MULHER ";38025
"959";830972;"CLINFORTE";37954
"960";828751;"ECN SERVICOS MEDICOS";37944,9
"961";594452;"CLINICA OFTALMOLOGICA IEDA ANDRADE";37916
"962";594430;"ANGIOMED";37895
"963";753552;"CEOQ";37854
"964";802427;"POLICLINICA ITAPUA";37830
"965";842112;"LABORATORIO IN VITRO ";37795,6
"966";796198;"LABORATORIO ANACLIN";37495,4
"967";744538;"IOT";37375
"968";981108;"VITTASAUDE";37282,87
"969";690453;"NADIA E LIVIO TIUBA LTDA";36985
"970";695647;"CLINICA SANTA CAROLINA LTDA";36985
"971";593790;"HOSPITAL OCTAVIO PEDREIRA LTDA";36725
"972";753924;"CEOB OTORRINOS E FONOS";36270
"973";798515;"LABORATORIO GONTIJO GUIMARAES";36233,8
"974";965230;"LABCLIN - LABORATORIO DE ANALISE CLINICAS";36166,8
"975";796321;"UROCLINICA DA BAHIA";36075
"976";619660;"AAS";36010
"977";690619;"CLINICA PROTEÇAO";35930,8
"978";802439;"CENTRO CARDIOLÓGICO DE ITAPETINGA";35890,81
"979";680936;"CLINICA DR. ADERBAL HENRIQUE DE JESUS";35880
"980";808984;"LABORATORIO IN VITRO";35834
"981";714392;"OLHO E CRIANÇA";35750
"982";828711;"ESPACO VIDA";35724,14
"983";695707;"BABYMEL CLINICA";35686
"984";626846;"CLINICA DE OLHOS PASTOR";35654,5
"985";594508;"PNEUMODIAGNOSE";35620
"986";968792;"G.G.S.";35500
"987";852427;"PLENNA - FISIOTERAPIA, REABILITACAO E ESTETICA";35476
"988";828750;"ERGOCENTER";35434
"989";754140;"LAHO MED";35165
"990";688248;"CLIMA - CLINICA DE ASSISTENCIA A SAUDE DA MULHER";34775
"991";690667;"CLINICA SOGEPE ";34450
"992";594277;"C.G.O. CLINICA DE GINECOLOGIA E OBSTETRICIA";34385
"993";802420;"LACLI";34232,72
"994";800922;"HEMOLAB - LABORATORIO DE ANALISES CLINCAS";34213,6
"995";783106;"CLIPORTO";34151,64
"996";802423;"LABORATORIO PREVINA";33900,2
"997";594460;"FISIOCARD";33725,2
"998";735903;"CONS.  PEDIATRICO MARCIA MARIA F. BARRETO";33681
"999";911117;"SATI-SATIM SERVICOS MEDICOS MOVEL LTDA - ME";33536,36
"1000";798516;"LABCLISA";33518,6
"1001";624054;"CEGOB";33410
"1002";852424;"LABORATORIO SOUZA AGUIAR";32961,7
"1003";798592;"BIOANALISE";32839,56
"1004";789602;"BIOLAB LABORATORIO CLINICO";32838,6
"1005";828789;"INTEGRAR CENTRO DE REABILITACAO";32732
"1006";798505;"LANCLIB- LABORAT DE ANALISE CLINICA DE IBICARAI";32513,4
"1007";889375;"CBU";32500
"1008";802422;"LABORATORIO PESQUISA";32486,4
"1009";830966;"FISIOFONO REABILITACAO";32410
"1010";626551;"CLINICA GASTROVIDA";32297,35
"1011";735895;"CLINICA BURGOS E TERENCIO";32289,4
"1012";818255;"MED EXAMES";32246,4
"1013";811300;"CEO - CENTRO ESPECIALIZADO EM OFTLAMOLOGIA";32061,4
"1014";796150;"POLIMED";31807,97
"1015";594074;"POLIMEDICA CLINICA ESPECIALIZADA";31785
"1016";889370;"LABORATORIO VIDA";31632,8
"1017";757811;"ALLMED";31547,5
"1018";843166;"LABORATORIO SAO JOSE";31502,22
"1019";796351;"LABORATORIO QUALIVIDA";31284,76
"1020";774627;"AMMPI ATEND. MEDICO MULTIDISC EM PNEUMO DE ITABUNA";31265
"1021";834974;"ANACLI";31218
"1022";593963;"DIAGNOSE DIAG EM ANAL CLINICAS";31099,4
"1023";798604;"LABOP-LABORATORIO DE PESQUISAS CLINICA LTDA";30937,7
"1024";822522;"LABORATORIO UNIVIDA";30830,8
"1025";834959;"FISIOCENTER";30688
"1026";828755;"CLINICA DE FISIOTERAPIA UBATA (FISIOCLIN)";30478
"1027";828754;"CLINICA DE FISIOTERAPIA";30464
"1028";594607;"LACLI IPIAU";30388,8
"1029";852456;"CLINFISIO - CLINICA DE FISIOTERAPIA";30254
"1030";796142;"FISIOMED";30101,84
"1031";757726;"HOSPITAL SEMED";30067,6
"1032";852458;"LABEM";29905,58
"1033";774053;"SERMEC SERVICOS MEDICOS ";29726
"1034";632471;"OFTALMOPREV ";29575,5
"1035";744498;"IUR - INSTITUTO DE UROLOGIA DO RECONCAVO";29380
"1036";619761;"CLIMECAR CLINICA MEDICA E CARDIOLOGICA";29185
"1037";769798;"CLINICA ENDOGASTRO DE ITAPETINGA ";29043,47
"1038";729417;"CLINMEC";28990
"1039";627174;"MED CENTER";28665
"1040";754127;"GASTROMED";28600
"1041";757751;"ORTO ORTOPEDIA ESPECIALIZADA";28470
"1042";787108;"COP SERVICOS MEDICOS";28210
"1043";796189;"NEWLAB ";28034,8
"1044";729420;"CLINTRAB";28015
"1045";822453;"CENTROMED (CENTRO MEDICO DE CAMACARI) ";28005,46
"1046";748431;"CLIMAG";27365
"1047";789671;"ANALISE DIAGNOSTICO LABORATORIAL";27193,2
"1048";798598;"BIO ANALISES LABORATORIO DE ANALISES CLINICAS";27004,4
"1049";828338;"HOSPITAL SAO MATHEUS";26978,83
"1050";852436;"EQUILIBRIUM ";26978
"1051";594186;"LABORATORIO SANTA MARIA";26856
"1052";800796;"LABCLIN";26444,2
"1053";822428;"PROJETO CERPA";26400
"1054";811275;"CLINICA SAMA";26231
"1055";593722;"CLINICA MONTE SINAI";26130
"1056";594375;"AL OFTALMOLOGIA";26067
"1057";789908;"LAMES";26024,8
"1058";830830;"CLINICA MEDICA CEME";26024
"1059";830974;"CLINICA INTEGRAR";25760
"1060";796196;"IMME - INSTITUTO DE ANGIOLOGIA E CARDIOLOGIA";25674,68
"1061";833002;"CITOLAB";25524,6
"1062";798461;"LABORATORIO UNIVIDA";25517,8
"1063";816145;"CLÍNICA DE OLHOS ALDIR PINHEIRO";25444
"1064";818242;"CLINICA FTC";25378,25
"1065";965244;"GASTROVILLAS";25220
"1066";700855;"CLINICA MEDICA ANTONIO JAIRO";25155
"1067";807416;"CLINICA DE DERMATOLOGIA MAKIKO FUJITA";25113,6
"1068";690751;"CLIPED";25090
"1069";965178;"INSTITUTO MEDICO DA DOR ";25090
"1070";789672;"LABORATORIO DE ANALISES CLINICAS SAO DOMINGOS";25056,2
"1071";690623;"AMIC - CONSULTORIOS MEDICOS LTDA";25025
"1072";798563;"LIDI LABORATORIO";24963
"1073";643563;"CLIVANA";24842
"1074";742599;"IMAGEM DIAGNOSTICOS";24784,5
"1075";901856;"BC MEDICINA";24635
"1076";796228;"CLIEP";24310
"1077";842801;"A M FISIOTERAPIA";24192
"1078";688353;"INSTITUTO DE SENSO E PERCEPÇAO VISUAL";23897
"1079";694402;"NINA TERESA  MARTINS RIBEIRO DO COUTO";23813,4
"1080";738441;"ANDRE LUIZ VIANA SERVICOS TOCOGINECOLOGICOS";23530
"1081";594538;"BIOCLINICA HOSPITALAR ";23496,48
"1082";690765;"NUCLEO MEDICO OCULAR";23400
"1083";852393;"BAHIA IMAGEM UNIDADES MOVEIS";23195,71
"1084";626453;"SETE TAXI AEREO LTDA";23000
"1085";833006;"CLINFISIO";22932
"1086";688420;"CLINICA VIRGINIA SILVA LAGO ";22815
"1087";752652;"ECODIAGNOSE MAMOGRAFIA ";22785,6
"1088";594265;"CONSULMED & FEMININA ";22685
"1089";852422;"CLIFIORT";22670,2
"1090";789521;"INSTITUTO NEUTON VIANA";22657,2
"1091";594007;"CLIFEM CLINICA FEMINICA LTDA";22555
"1092";593787;"ULTRAMED DAY HOSPITAL";22541,64
"1093";889367;"GASTROCLIN CLINICA MEDICA DO APARELHO DIGESTIVO";22508,66
"1094";744528;"CLINICA TRAUMA ORTOPEDICA ";22490,66
"1095";813687;"REABILITE - CENTRO DE REABILITACAO EM SAUDE";22400
"1096";752704;"GASTROSSOM";22223,05
"1097";594299;"FISIORT";22165,39
"1098";816016;"LABORATORIO MEIRELLES";22108
"1099";874818;"UNIGED";22000
"1100";742596;"LUCIA TERESA SCHAFFER MORAIS";21710,47
"1101";965179;"EX CORDIS ";21580
"1102";807369;"FISIOCLIN";21563
"1103";809594;"CLINICA DE FISIOTERAPIA JOSELINA PORTELA";21532
"1104";896962;"OTORRINOS ASSOCIADOS DA BAHIA";21450
"1105";870887;"LACRO ITAPETINGA";21436,4
"1106";809206;"SERFISIO";21434
"1107";697314;"PLURIMED";21255
"1108";744577;"OFT - CLINICA OFTALMOLOGICA SOCIEDADE EMPRESARIAL ";21053
"1109";593895;"CLIMESA";20995
"1110";744467;"CENTRODERME CENTRO DE DERMATOLOGIA S/C LTDA";20930
"1111";842770;"FISIO E PILATES";20874
"1112";593682;"IRISMA SANTOS DA SILVA SOUSA E CIA";20865
"1113";889365;"FISIOLATES";20791
"1114";830835;"FISIODERM";20776
"1115";594464;"COBA CLINICA OFTALMOLOGICA DA BARRA LTDA";20691,4
"1116";828725;"CLINICA DE SAUDE INTEGRADA ";20680
"1117";594511;"CLINICA JOAO PAULO II";20667,84
"1118";752698;"CENTRO DIAGNOSTICO POR IMAGEM";20517,24
"1119";816065;"CLIMED";20166,67
"1120";787116;"CEM CENTRO DE ESPECIALIDADE MEDICA";20150
"1121";619590;"GEORT";20085
"1122";752692;"SERPROFEMI  SERV PROPEDEUTICA FETO MATERNO ILHEUS";19987,24
"1123";594543;"HOSPITAL ALEMÃO OSWALDO CRUZ";19751,89
"1124";828757;"FISIOCLIN";19656
"1125";981132;"DIAGNOMED LUCENA";19575,76
"1126";816029;"UNIFIGADO DOENCAS DO FIGADO E VIAS BILIARES LTDA";19370
"1127";594187;"CLINICA SANTA BARBARA";19370
"1128";594204;"LACLIN (F.SANTANA)";19350,4
"1129";744529;"CAU";19045
"1130";694501;"CLIGINPREV";19045
"1131";798590;"LABORATORIO DE ANALISES CLIN NOSSA SRA DE FATIMA";18975,22
"1132";871031;"VIDATIVA CLINICA DE REABILITACAO";18844
"1133";753908;"CLINICA DOM";18806,9
"1134";774612;"CDB - CENTRO DE DIAGNOSTICO BAHIASUL";18733,66
"1135";593977;"ANA LUIZA TEDESQUI LTDA";18568
"1136";828724;"FISIOCLINICA";18438
"1137";752688;"CLINICA MAX- IMAGEM ";18412,31
"1138";968631;"TODO SER";18400
"1139";787102;"CLIFELIZ SERVICOS MEDICOS E ODONTOLOGICOS";18372,92
"1140";800818;"PESQUISA LABORATORIO";18272,12
"1141";744483;"ORTOTRAUMA";18200
"1142";594527;"QUIRON ";18070
"1143";599896;"CENTRO DE OLHOS VEJA";18019,61
"1144";828720;"FISIO SAUDE";17990
"1145";757727;"CERASF";17876,38
"1146";830971;"SYSTEM LABI";17828
"1147";744476;"ANGIODERMA";17550
"1148";852419;"CONOGI CONSULTORIO DE OBSTETRICIA E GINECOLOGIA";17204,2
"1149";830826;"SARA";17020,7
"1150";624082;"HELITA E WIGBERTO AZEVEDO CONSULTORIOS MEDICOS";16965
"1151";833007;"ODONTOLAB";16931,4
"1152";753543;"PREVENIR";16900
"1153";876600;"LAB SEABRA";16825,4
"1154";870891;"CLINICA PSICOESPACO";16730
"1155";594133;"EXAME LAB ANAL CLIN";16714,65
"1156";981112;"ISMED";16705
"1157";955473;"GONÇALVES ALMEIDA SALES MÉDICOS LTDA ";16606,24
"1158";955454;"CLINICA DE OLHOS VER LTDA";16600
"1159";729422;"USEMED(OSTEOPREV-CLINICA DE REABILITAÇAO CORPORAL)";16590
"1160";753920;"CLAFE";16575
"1161";753911;"OTOMED";16510
"1162";830832;"CLINICA DE FISIOTERAPIA MAURO CESAR RIBEIRO";16443
"1163";831011;"BIOANALISE";16386,8
"1164";594582;"BAMBINO CONSULTORIOS PEDIATRICOS";16347
"1165";789947;"CLINDOLAB LABORATORIO DE ANALISES CLINICAS ";16213,2
"1166";753923;"CADY OTORRINOLARINGOLOGIA E AUDIOLOGIA";16093,55
"1167";830825;"ANA MACEDO REABILITA ( AMAR )";16058
"1168";822506;"CLINICA ANA MATER";15990
"1169";593853;"ROBERTO PINTO - LAB SEAP";15870,4
"1170";830836;"POLI FISIO";15845
"1171";981140;"CLINICA GURI";15795
"1172";830935;"FISIOCORPO";15694
"1173";593861;"LABORATORIO DIAGNOSE";15693,8
"1174";694302;"CLINMED CLINICA MEDICA DE GINECOLOG  E OBSTETRICIA";15632,8
"1175";852394;"FISIO 7";15624
"1176";594009;"CLIDAM";15600
"1177";843554;"CLINICA REABILIT";15596
"1178";796152;"CEC - CARVALHO ESPECIALIDADES CIRURGICAS ";15559
"1179";752712;"CID - CLINICA DE IMAGEM & DIAGNOSTICO";15536,34
"1180";816030;"HEMOGRAMA LABORATORIO DE ANALISES CLINICAS";15510,8
"1181";822477;"LABORATORIO GUIMARAES";15504,5
"1182";798600;"LABCLIN";15496,4
"1183";741715;"SERVICE VIDA";15495,06
"1184";763709;"CMC - CONSULTORIOS MEDICOS DO CENTRO";15468,69
"1185";800826;"CELAB";15269,12
"1186";798595;"LABOCENTER";15036,6
"1187";594163;"CLINICA SAO LAZARO";15015
"1188";965142;"ULTRA GIN";14950
"1189";902241;"CLINICA DE MEDICINA HIPERBARICA ";14905,8
"1190";744490;"EQUILIBRIUM";14700
"1191";796333;"VIDA DIAGNOSTICO";14610,28
"1192";985860;"CLESSIA SILVEIRA DE AQUINO ARAUJO - ME";14600
"1193";828783;"CENTRO PURA SAUDE";14588
"1194";744512;"CLINICA OFTALMOLOGICA TORRES";14560
"1195";729415;"CLINICA DE OBST. E GINEC. JOSE ROBERTO DEL REI LTD";14495
"1196";981099;"CLIDERME";14457,3
"1197";749292;"LABORATORIO VIDAS";14433,4
"1198";744502;"OFTALMO-LENS";14430
"1199";919831;"ENDOVIDA - Clinica de Endocrinologia Sociedade Simples Ltda";14430
"1200";798543;"LACER LABORATORIO";14219,2
"1201";594131;"EXAME";14217,28
"1202";594250;"GM LAB DE ANALISES CLINICAS";14188,2
"1203";828758;"SAUDE INTEGRADA";14115
"1204";594206;"LAB SANTANA";14002,4
"1205";800096;"UNILABS";13951,2
"1206";789904;"LABORATORIO DIAGNOSTICO";13897,5
"1207";965189;"CLAC ";13870,4
"1208";593901;"SONOCLIN - CLINICA DE ULTRASSONOGRAFIA";13844,48
"1209";852459;"CITOANALISE ";13823
"1210";594302;"ECOGRAF";13815,3
"1211";594060;"CLINACARDIO DR. EDUARDO G.OLIVEIRA";13780
"1212";965155;"STUDIOCLIN FISIOTERAPIA E PILATES";13608
"1213";858385;"LABORATORIO IMED - INSTITUTO DE MEDICINA DIAGNOSTICA";13573,2
"1214";744559;"CLINICA DE OLHOS ESPERANCA";13531
"1215";593957;"CENTROMED";13455
"1216";752711;"IMAM";13421,02
"1217";807359;"CLINICA PROMOVI";13384
"1218";744575;"CDTO- CL. DE DIAGNOSE E TRATAMENTO OFTALMOLGICO";13378,71
"1219";593789;"CLINICA SANTA BARBARA";13368,2
"1220";787126;"CLIN DE CIRURGIA GERAL DR. CARLOS ANDRADE";13130
"1221";690531;"IUFS - INSTITUTO DE UROLOGIA DE FEIRA DE SANTANA";13130
"1222";729416;"CLIMEJ";12935
"1223";594256;"SERMEGE";12772,2
"1224";830965;"FISIOMAC";12740
"1225";822551;"CENTERLABO";12687,4
"1226";945645;"MARIA CELESTE GOES CARDOSO";12545
"1227";796350;"NOVOLAB-LABORATORIO DE ANALISES CLINICAS";12359,28
"1228";739788;"CLINICA ODONTOMEDICA DE ITAPETINGA ";12274,57
"1229";796149;"LACRO LABORATORIO";12155,8
"1230";752707;"CRAB";12133,16
"1231";798575;"BIOLAB";12124,89
"1232";593889;"CARDOSO E UZEDA ";12012
"1233";807394;"FISIOTRAT";11844
"1234";744548;"CLIBEM";11830
"1235";693233;"CL DE OLHOS PROFESSOR THEONILLO AMORIM";11800,73
"1236";796193;"AMED ASSISTENCIA MEDICA";11700
"1237";796191;"OTOSSONO - CLINICA MEDICA ";11635
"1238";870840;"LABORATORIO SAO BRAS";11619
"1239";753542;"CARDIOVASCULAR";11505
"1240";744644;"CLINICA CARDIO VISAO CARDIOLOGIA E OFTALMOLOGIA";11505
"1241";935307;"CONVIDA SAUDE INTEGRADA";11455
"1242";789600;"LABCLIN- LABORATORIO CLINICO";11454,2
"1243";688272;"PROGASTRO";11375
"1244";807393;"CAB";11337
"1245";593870;"DIAGNOSE DIAGNOSTICOS LABORATORIAIS";11296,84
"1246";594093;"CATI - CLINICA SANTA LUCIA";11245
"1247";802438;"CEHON";11180
"1248";818233;"LABCLIU-LABORATORIO DE ANALISES CLINICAS DE UBATA";11110,2
"1249";843432;"FISIOCENTER SPORT ";11046
"1250";889509;"CLINICA VIVER MEDICINA INTEGRADA";10985
"1251";783456;"NEOPLASTICA";10985
"1252";714373;"CLINICA GINECOLOGICA E PEDIATRICA BOM JESUS LTDA";10985
"1253";744534;"BAHIA OFTALMO";10985
"1254";752683;"HOSPITAL MANOEL MARTINS DE SOUZA";10794,83
"1255";752665;"LCS SERVIÇOS MEDICOS LTDA";10698,35
"1256";808788;"BIO ANALISE";10609,8
"1257";744469;"PREVER CENTRO DE PREVENCAO E REABILITACAO VISUAL";10405
"1258";593885;"INEFI - INSTITUTO DE NEUROFISIOLOGIA LTDA";10361
"1259";632759;"INSTITUTO DE UROLOGIA DR. JUNCAL LTDA";10335
"1260";744450;"KARLA LEITE OFTALMOLOGIA";10294
"1261";744492;"BAHIA OLHOS - CI DE OLHOS";10290,8
"1262";809593;"CLINICA SAO PAULO";10275
"1263";789856;"CLINICA SANTO ANTONIO";10140
"1264";828746;"FISIOCLIN";9982
"1265";594154;"CLINICA GINECOLOGICA BONFIM";9945
"1266";744549;"CLINICARDIO";9945
"1267";818269;"LABASC";9928,2
"1268";593701;"CAC - CLINICA DE ACIDENTES DE CANDEIAS";9847,84
"1269";870886;"CLINICA VIDA";9842
"1270";594683;"DONNA";9750
"1271";594636;"BIOLABOR LAB ANAL CLINICAS";9732
"1272";843494;"CLINICA DE FISIOTERAPIA INTEGRADA DE ITAMARAJU";9520
"1273";852443;"LABCLIN  LABORATORIO DE ANALISES CLINICOS";9303,6
"1274";744472;"EYECORPE OFTALMOLOGIA E CIRURGIA PLASTICA";9299
"1275";833008;"VITALE CLINICA DE REEDUCAÇÃO POSTURAL";9212
"1276";753545;"CIMESMED";9165
"1277";593921;"LAF LABORATORIO ANTUNES FARIAS";8973,78
"1278";714391;"CASA DE SAUDE DR. RENATO GONSALVES";8939,62
"1279";789884;"SENSE OTORRINOS";8840
"1280";594114;"ATLANTICO PRO SAUDE";8775,48
"1281";753919;"NCVEB";8775
"1282";744558;"EMEDE EQUIPE MEDICA ESPECIALIZADA";8710
"1283";965248;"PROLAB DIAGNOSTICO";8708,2
"1284";842792;"HOSPITAL GERAL SAO PAULO";8645
"1285";834955;"UNICLIN";8645
"1286";981107;"LA DIAGNOSTICO LABORATORIAL";8625,28
"1287";744537;"GARA SERVIÇOS MEDICOS ESPECIALIZADOS";8619,4
"1288";594103;"CLIMUS";8580
"1289";789913;"GOE";8545,16
"1290";843431;"CLINICA DE FISIOTERAPIA PILATES";8539
"1291";804716;"LABORATORIO VENTURA LTDA EPP";8453,6
"1292";787103;"CLINICA DR EDUARDO LOPES ";8437
"1293";789673;"DIAGNOSE";8355,28
"1294";789675;"LABORATORIO CHIACCHIO";8286
"1295";744486;"SEMPRE";8125
"1296";744477;"UNIDADE NEUROCIRURGICA DE SALVADOR LTDA";8060
"1297";688252;"OFTALMO CLINICA LTDA";8030,1
"1298";843548;"ESPACO BELLA FORMA";8026,2
"1299";811343;"LABORATORIO DE ANALISE CLINICO SENHOR DO BONFIM";8001,2
"1300";594279;"UEG UNID DE ENDOSC E GASTRO LTDA";8000
"1301";596928;"CAS CLINICA ANESTESIA DE SALVADOR S/C LTDA";7980
"1302";745824;"PROCARDIO";7865
"1303";593707;"LAMER";7827,66
"1304";858381;"ANALISA";7806,68
"1305";693224;"CONS DE GINEC E OBST DRA MARIA DA CONCEIÇAO M C F";7800
"1306";830968;"CLINICA SANTO ANTONIO";7728
"1307";593820;"SERVIÇOS MEDICOS VELOSO E VIANA ";7650,99
"1308";889380;"CENTRO MEDICO DE ENDOSCOPIA";7605
"1309";822496;"LABORATORIO ANALISYS";7596,4
"1310";816103;"CENAC";7476,2
"1311";619762;"PROFEMINA";7381,36
"1312";749032;"CLINICA VITERBO";7215
"1313";816088;"LABORATORIO FERNANDES";7204,24
"1314";842813;"LABORATORIO HEMOANALISES";7172,8
"1315";594585;"CLÍNICA BERNABÉ S/C LTDA";7000
"1316";683660;"CLIRB - CLINICA RUY BARBOSA";6983,11
"1317";831010;"CLIFE";6958
"1318";735909;"ISME";6955
"1319";955475;"CLÍNICA GINECOLOGICA E ULTRASONOGRAFICA N. S. APARECIDA LTDA";6926,31
"1320";744525;"ORTOFORT";6890
"1321";965284;"SEMESP ";6890
"1322";714372;"PROCURAR CLINICA MEDICA ESPECIALIZADA LTDA";6825
"1323";593805;"IOB- INSTITUTO DE OLHOS DA BAHIA ";6804
"1324";816094;"PHYSIOCORP";6760
"1325";748437;"Cloci Day";6760
"1326";796332;"LABORATORIO BIOENSAIO";6744,68
"1327";802429;"CENTRO DE ONCOLOGIA DR. GERALDO MATTOS DE SA ";6695
"1328";981111;"NOOBA DE ALPHAVYLLE";6646,4
"1329";693178;"CLINIFERT";6599,63
"1330";802430;"DIAGNOECO";6519,57
"1331";842115;"PRONTOMED";6510,22
"1332";594168;"ISAUF - INSTITUTO DE SAUDE  DE FEIRA DE SANTANA";6435
"1333";693234;"CONSULTORIO DE UROLOGIA E PSICOLOGIA";6370
"1334";690674;"LAPEC - LAB DE ANALISES E PESQUISAS CLINICAS";6302,88
"1335";744473;"CLOC - CLINICA DE OLHOS DO COMERCIO S/C LTDA";6240
"1336";965175;"AMAH - ASSIST. MULTIDISCIPLINAR HUMANIZADA ";6240
"1337";981085;"CLIVITTA";6175
"1338";889591;"FISIO VIDA";6146
"1339";754001;"RAIO CENTRO RADIOLOGICO";6074,84
"1340";735894;"CLINICA JAMES CADIDE";6045
"1341";754129;"CLINICA KORPUS";5980
"1342";809507;"INAD";5900
"1343";594134;"LACLISA";5835,4
"1344";594343;"Novaclin";5785
"1345";842831;"LABACLIN";5701
"1346";870922;"CENTRO MEDICO DR. JOEDE SILONI";5655
"1347";594666;"CLINICA STA VITORIA ";5525
"1348";744456;"SOFT ";5525
"1349";981081;"CENTRO MEDICO JC";5511
"1350";787179;"CLINICA DR CLARISMUNDO PONTES";5405,82
"1351";795966;"CLAPE CLINICA MEDICA DR. GETULIO SAMPAIO";5384,3
"1352";748094;"IAM - INSTITUTO DE ASSISTENCIA A SAUDE DA MULHER";5196,84
"1353";896963;"CLIMETRA CLINICA DE MEDICINA E SEG DO TRABALHO";5135
"1354";752690;"SOMEG- SOCIEDADE MEDICA GUTEMBERG FILHO";5111,97
"1355";843521;"FISIOSAUDE";5105,8
"1356";594453;"CLINAGO";4940
"1357";748433;"COTEFI";4555,7
"1358";769506;"VIDA E SAUDE CONSULTORIO MEDICO ESPECIALIZADO";4550
"1359";669079;"GASTEN";4550
"1360";965243;"Clivasc";4485
"1361";830870;"FISIOCENTER CONDEUBA";4480
"1362";593704;"HOSPITAL SAO JOAO DE DEUS(STA CASA CACHOEIRA)";4420
"1363";889705;"CARLOS ALBERTO BATISTA NEVES ME";4290
"1364";811325;"LABSAUDE";4240,4
"1365";744565;"CLINICA OFTALMOLOGICA NEREIDE REIS";4232
"1366";789960;"LABOCLIR";4076,16
"1367";796157;"DIALAB-DIAGNOSTICO LABORATORIAL";4052,8
"1368";594228;"HOSPITAL MATER DEI";4046,84
"1369";981114;"CEMESB ";3900
"1370";753922;"NEUROCLINICA ALMIR PLESSIM";3900
"1371";744553;"CLIOVI ";3848
"1372";981103;"URONORTE SERVICOS MEDICOS SOCIEDADE SIMPLES LTDA";3841,12
"1373";753917;"INSTITUTO DE CIRURGIA DA MÃO";3835
"1374";822480;"IMAM INSTITUTO DE MASTOLOGIA E MAMOGRAFIA ";3710,5
"1375";789905;"BIO SAUDE";3710
"1376";757730;"CONS. NOSSA SENHORA DE FATIMA CL. MEDICA E CARD. ";3614
"1377";594054;"CLBM - CLINICA LUSIA BASTOS METZGER";3575
"1378";844429;"QUALISERV";3472
"1379";833009;"CEHON";3445
"1380";798570;"LABNEF";3343,4
"1381";594744;"LABORATORIO EXAMES DE LABORATORIO";3305
"1382";802448;"ACLIMED CLINICA MEDICA";3250
"1383";889366;"CESAI - CENTRO DE SAÚDE AUDITIVA DE ITABUNA";3242,5
"1384";981086;"GUSTHAVO PEREIRA BONIARES";3185
"1385";981124;"SERMUS";3148,08
"1386";593931;"CLINICA CLARA RIOS";3055
"1387";973375;"CARDIO PULMONAR DA BAHIA S.A.";3029,61
"1388";774583;"CEDIRP";2867,81
"1389";809580;"ODONTOLAB";2662,8
"1390";593708;"BAUER INSTITUTO DE PESQUISAS E ANALISE CLINICAS";2651,6
"1391";843443;"CLINICA FUNCIONAL";2646
"1392";798561;"LABORATORIO BIOLIFE";2501
"1393";593863;"CLIMEDICA";2405
"1394";754122;"CLINICA DR ALESSANDRO TIBO";2405
"1395";811434;"PLASMA LAPA ";2243,08
"1396";761588;"RSM SERVICOS MEDICOS LTDA";2210
"1397";845434;"REABILITAR ";2156
"1398";594218;"SOS SERVICO DE OLHOS SANTANA";2028,7
"1399";802426;"LABOCLINICA";1927,6
"1400";748429;"PROANGIO";1885
"1401";744552;"NITIDA CLINICA DE OLHOS DA BAHIA";1820
"1402";981113;"CLIVIVA";1755
"1403";752696;"ISME";1749,86
"1404";965278;"CENTRO DE CARDIOLOGIA";1690
"1405";981080;"CLINFISIO CLINICA DE FISIOTERAPIA";1568
"1406";798514;"LABORATORIOS INTEGRADOS DO OESTE";1566,2
"1407";790016;"BIOCLINICO MEDICINA LABORATORIAL";1559,8
"1408";830831;"CLINICA AMA";1258,74
"1409";789669;"LAPAEC";1244,41
"1410";594150;"LABCLIN";1130,6
"1411";594178;"INSTITUTO DE PATOLOGIA DE ITAPETINGA";1040,02
"1412";789663;"DIAGNOMED";922,87
"1413";983384;"LUGAR CENTRO DE ESTUDOS INTERDISCIPLINARES";880
"1414";769799;"POLICLINICA GANDU";876,44
"1415";945441;"CDC";780
"1416";594096;"ACI - ANALISES CLINICAS DE ITABUNA LTDA";738,4
"1417";919833;"CLÍNICA ODONTOFÍSIO PRO-RISO LTDA-ME";715
"1418";955471;"FISIOSAUDE";658
"1419";981125;"MUSSURUNGA MEDICAL";650
"1420";949167;"E. P. SERVICOS MEDICOS LTDA.";514,5
"1421";789604;"LABORCLIN";460,4
"1422";800908;"PRO-SAUDE LABORATORIO DE ANALISES CLINICAS";430,2
"1423";779654;"CLINICA MAXIFISIO LTDA";350
"1424";798863;"ANACLI";321,4
"1425";744530;"SEDAL SERVIÇO DE DERMATOLOGIA E ALERGIA";260
"1426";752684;"CLINICA DR. ELIEZER MENDES DE VASCONCELOS";202,72
"1427";889508;"LABORATORIO NATTAN";116,8
"1428";818235;"FLORENTINO DE AZEVEDO SOBRINHO";65
"1429";753480;"CLINICA CLISANNA ";65
"1430";690476;"CLINICA GINECOLOGICA DRª LOURDES NORBERTO ";65
"1431";735871;"CENTRO DIAG LAPA EXA. MEDICOS ESPECIALIZADOS LTDA";65
"1432";987728;"COOPERCOLO";0
"1433";979121;"SEMEPE - SERVIÇOS MEDICOS PEDIATRICOS LTDA";0
"1434";593961;"CLINICA SANTA BARBARA";0
"1435";866230;"BOM VIVER";0
"1436";989522;"UNIDADE PAULISTA DE NEUROLOGIA E NEUROCIRURGIA ";0
